{
  "clustering": {
    "best_k": 2,
    "inertias": [
      7423959.442391044,
      6653296.116325361,
      6174866.517313825,
      5806450.566239416,
      5554599.130230607,
      5323702.232606346,
      5105787.742052033,
      4927458.947600748,
      4788065.820636855
    ],
    "silhouettes": [
      0.13591132146456547,
      0.11766440836927759,
      0.12438044928216846,
      0.12233847205312517,
      0.12416139130638869,
      0.09715071198943381,
      0.10234341791728525,
      0.10436795212556553,
      0.09267992589007867
    ],
    "pca_explained_variance": [
      0.22526808581606064,
      0.17907708569880706
    ],
    "cluster_sizes": [
      483406,
      474208
    ]
  },
  "classification": {
    "device": "cuda",
    "best_iteration": 779,
    "accuracy": 0.5899417305402979,
    "macro_f1": 0.3547929793011337,
    "weighted_f1": 0.5198584108647989,
    "roc_auc_per_class": {
      "physical": 0.7508552969270768,
      "special": 0.7393020536156049,
      "status": 0.7580367240615904,
      "switch": 0.6931897142788744
    },
    "per_class": {
      "physical": {
        "precision": 0.6235013544515443,
        "recall": 0.9157101250642453,
        "f1-score": 0.7418688216152861,
        "support": 52533.0
      },
      "special": {
        "precision": 0.4583526682134571,
        "recall": 0.234508547008547,
        "f1-score": 0.3102717135228522,
        "support": 16848.0
      },
      "status": {
        "precision": 0.4436969571517284,
        "recall": 0.2755141388174807,
        "f1-score": 0.3399413210689081,
        "support": 15560.0
      },
      "switch": {
        "precision": 0.4617737003058104,
        "recall": 0.013954348026984567,
        "f1-score": 0.027090060997488338,
        "support": 10821.0
      }
    }
  },
  "rl": {
    "final_win_rate": "76.6%",
    "q_states": 2039
  }
}