{
  "clustering": {
    "best_k": 2,
    "inertias": [
      7423959.442391045,
      6653296.11632536,
      6174866.517313825,
      5806450.566239416,
      5554599.130230607,
      5323702.232606346,
      5105787.742052032,
      4927458.947600748,
      4788065.820636855
    ],
    "silhouettes": [
      0.13591132146456547,
      0.11766440836927759,
      0.12438044928216846,
      0.12233847205312517,
      0.12416139130638869,
      0.09715071198943381,
      0.10234341791728525,
      0.10436795212556553,
      0.09267992589007867
    ],
    "pca_explained_variance": [
      0.22526808581606064,
      0.17907708569880706
    ],
    "cluster_sizes": [
      483406,
      474208
    ]
  },
  "classification": {
    "device": "cuda",
    "best_iteration": 820,
    "accuracy": 0.6397005075081974,
    "macro_f1": 0.5249050908180751,
    "weighted_f1": 0.6060671441628371,
    "roc_auc_per_class": {
      "physical": 0.785563738209386,
      "special": 0.7661605621904967,
      "status": 0.7984259547021662,
      "switch": 0.9550219233208881
    },
    "per_class": {
      "physical": {
        "precision": 0.6715679800425564,
        "recall": 0.8711476595663679,
        "f1-score": 0.758448101559522,
        "support": 52533.0
      },
      "special": {
        "precision": 0.5061224489795918,
        "recall": 0.2281576448243115,
        "f1-score": 0.31452767663543757,
        "support": 16848.0
      },
      "status": {
        "precision": 0.4958591047279589,
        "recall": 0.30398457583547556,
        "f1-score": 0.37690744651181324,
        "support": 15560.0
      },
      "switch": {
        "precision": 0.6602117714394734,
        "recall": 0.6395896867202662,
        "f1-score": 0.6497371385655276,
        "support": 10821.0
      }
    }
  },
  "rl": {
    "final_win_rate": "76.6%",
    "q_states": 2039
  }
}